<?xml version="1.0" encoding="UTF-8"?><OASISReport xmlns="http://www.caiso.com/soa/OASISReport_v1.xsd">
<MessageHeader>
<TimeDate>2021-10-10T22:05:20-00:00</TimeDate>
<Source>OASIS</Source>
<Version>v20131201</Version>
</MessageHeader>
<MessagePayload>
<RTO>
<name>CAISO</name>
<REPORT_ITEM>
<REPORT_HEADER>
<SYSTEM>OASIS</SYSTEM>
<TZ>PPT</TZ>
<REPORT>PRC_LMP</REPORT>
<MKT_TYPE>DAM</MKT_TYPE>
<UOM>US$/MWh</UOM>
<INTERVAL>ENDING</INTERVAL>
<SEC_PER_INTERVAL>3600</SEC_PER_INTERVAL>
</REPORT_HEADER>
<REPORT_DATA>
<DATA_ITEM>LMP_PRC</DATA_ITEM>
<RESOURCE_NAME>DLAP_PGAE-APND</RESOURCE_NAME>
<OPR_DATE>2021-09-19</OPR_DATE>
<INTERVAL_NUM>9</INTERVAL_NUM>
<INTERVAL_START_GMT>2021-09-19T15:00:00-00:00</INTERVAL_START_GMT>
<INTERVAL_END_GMT>2021-09-19T16:00:00-00:00</INTERVAL_END_GMT>
<VALUE>30.74893</VALUE>
</REPORT_DATA>
<REPORT_DATA>
<DATA_ITEM>LMP_PRC</DATA_ITEM>
<RESOURCE_NAME>DLAP_PGAE-APND</RESOURCE_NAME>
<OPR_DATE>2021-09-19</OPR_DATE>
<INTERVAL_NUM>21</INTERVAL_NUM>
<INTERVAL_START_GMT>2021-09-20T03:00:00-00:00</INTERVAL_START_GMT>
<INTERVAL_END_GMT>2021-09-20T04:00:00-00:00</INTERVAL_END_GMT>
<VALUE>74.19184</VALUE>
</REPORT_DATA>
<REPORT_DATA>
<DATA_ITEM>LMP_PRC</DATA_ITEM>
<RESOURCE_NAME>DLAP_PGAE-APND</RESOURCE_NAME>
<OPR_DATE>2021-09-19</OPR_DATE>
<INTERVAL_NUM>1</INTERVAL_NUM>
<INTERVAL_START_GMT>2021-09-19T07:00:00-00:00</INTERVAL_START_GMT>
<INTERVAL_END_GMT>2021-09-19T08:00:00-00:00</INTERVAL_END_GMT>
<VALUE>58.41894</VALUE>
</REPORT_DATA>
<REPORT_DATA>
<DATA_ITEM>LMP_PRC</DATA_ITEM>
<RESOURCE_NAME>DLAP_PGAE-APND</RESOURCE_NAME>
<OPR_DATE>2021-09-19</OPR_DATE>
<INTERVAL_NUM>2</INTERVAL_NUM>
<INTERVAL_START_GMT>2021-09-19T08:00:00-00:00</INTERVAL_START_GMT>
<INTERVAL_END_GMT>2021-09-19T09:00:00-00:00</INTERVAL_END_GMT>
<VALUE>56.26837</VALUE>
</REPORT_DATA>
<REPORT_DATA>
<DATA_ITEM>LMP_PRC</DATA_ITEM>
<RESOURCE_NAME>DLAP_PGAE-APND</RESOURCE_NAME>
<OPR_DATE>2021-09-19</OPR_DATE>
<INTERVAL_NUM>16</INTERVAL_NUM>
<INTERVAL_START_GMT>2021-09-19T22:00:00-00:00</INTERVAL_START_GMT>
<INTERVAL_END_GMT>2021-09-19T23:00:00-00:00</INTERVAL_END_GMT>
<VALUE>43.2608</VALUE>
</REPORT_DATA>
<REPORT_DATA>
<DATA_ITEM>LMP_PRC</DATA_ITEM>
<RESOURCE_NAME>DLAP_PGAE-APND</RESOURCE_NAME>
<OPR_DATE>2021-09-19</OPR_DATE>
<INTERVAL_NUM>17</INTERVAL_NUM>
<INTERVAL_START_GMT>2021-09-19T23:00:00-00:00</INTERVAL_START_GMT>
<INTERVAL_END_GMT>2021-09-20T00:00:00-00:00</INTERVAL_END_GMT>
<VALUE>46.20748</VALUE>
</REPORT_DATA>
<REPORT_DATA>
<DATA_ITEM>LMP_PRC</DATA_ITEM>
<RESOURCE_NAME>DLAP_PGAE-APND</RESOURCE_NAME>
<OPR_DATE>2021-09-19</OPR_DATE>
<INTERVAL_NUM>6</INTERVAL_NUM>
<INTERVAL_START_GMT>2021-09-19T12:00:00-00:00</INTERVAL_START_GMT>
<INTERVAL_END_GMT>2021-09-19T13:00:00-00:00</INTERVAL_END_GMT>
<VALUE>56.94547</VALUE>
</REPORT_DATA>
<REPORT_DATA>
<DATA_ITEM>LMP_PRC</DATA_ITEM>
<RESOURCE_NAME>DLAP_PGAE-APND</RESOURCE_NAME>
<OPR_DATE>2021-09-19</OPR_DATE>
<INTERVAL_NUM>15</INTERVAL_NUM>
<INTERVAL_START_GMT>2021-09-19T21:00:00-00:00</INTERVAL_START_GMT>
<INTERVAL_END_GMT>2021-09-19T22:00:00-00:00</INTERVAL_END_GMT>
<VALUE>33.92</VALUE>
</REPORT_DATA>
<REPORT_DATA>
<DATA_ITEM>LMP_PRC</DATA_ITEM>
<RESOURCE_NAME>DLAP_PGAE-APND</RESOURCE_NAME>
<OPR_DATE>2021-09-19</OPR_DATE>
<INTERVAL_NUM>20</INTERVAL_NUM>
<INTERVAL_START_GMT>2021-09-20T02:00:00-00:00</INTERVAL_START_GMT>
<INTERVAL_END_GMT>2021-09-20T03:00:00-00:00</INTERVAL_END_GMT>
<VALUE>85.15429</VALUE>
</REPORT_DATA>
<REPORT_DATA>
<DATA_ITEM>LMP_PRC</DATA_ITEM>
<RESOURCE_NAME>DLAP_PGAE-APND</RESOURCE_NAME>
<OPR_DATE>2021-09-19</OPR_DATE>
<INTERVAL_NUM>23</INTERVAL_NUM>
<INTERVAL_START_GMT>2021-09-20T05:00:00-00:00</INTERVAL_START_GMT>
<INTERVAL_END_GMT>2021-09-20T06:00:00-00:00</INTERVAL_END_GMT>
<VALUE>65.9536</VALUE>
</REPORT_DATA>
<REPORT_DATA>
<DATA_ITEM>LMP_PRC</DATA_ITEM>
<RESOURCE_NAME>DLAP_PGAE-APND</RESOURCE_NAME>
<OPR_DATE>2021-09-19</OPR_DATE>
<INTERVAL_NUM>8</INTERVAL_NUM>
<INTERVAL_START_GMT>2021-09-19T14:00:00-00:00</INTERVAL_START_GMT>
<INTERVAL_END_GMT>2021-09-19T15:00:00-00:00</INTERVAL_END_GMT>
<VALUE>53.91295</VALUE>
</REPORT_DATA>
<REPORT_DATA>
<DATA_ITEM>LMP_PRC</DATA_ITEM>
<RESOURCE_NAME>DLAP_PGAE-APND</RESOURCE_NAME>
<OPR_DATE>2021-09-19</OPR_DATE>
<INTERVAL_NUM>10</INTERVAL_NUM>
<INTERVAL_START_GMT>2021-09-19T16:00:00-00:00</INTERVAL_START_GMT>
<INTERVAL_END_GMT>2021-09-19T17:00:00-00:00</INTERVAL_END_GMT>
<VALUE>32.16</VALUE>
</REPORT_DATA>
<REPORT_DATA>
<DATA_ITEM>LMP_PRC</DATA_ITEM>
<RESOURCE_NAME>DLAP_PGAE-APND</RESOURCE_NAME>
<OPR_DATE>2021-09-19</OPR_DATE>
<INTERVAL_NUM>22</INTERVAL_NUM>
<INTERVAL_START_GMT>2021-09-20T04:00:00-00:00</INTERVAL_START_GMT>
<INTERVAL_END_GMT>2021-09-20T05:00:00-00:00</INTERVAL_END_GMT>
<VALUE>70.4306</VALUE>
</REPORT_DATA>
<REPORT_DATA>
<DATA_ITEM>LMP_PRC</DATA_ITEM>
<RESOURCE_NAME>DLAP_PGAE-APND</RESOURCE_NAME>
<OPR_DATE>2021-09-19</OPR_DATE>
<INTERVAL_NUM>24</INTERVAL_NUM>
<INTERVAL_START_GMT>2021-09-20T06:00:00-00:00</INTERVAL_START_GMT>
<INTERVAL_END_GMT>2021-09-20T07:00:00-00:00</INTERVAL_END_GMT>
<VALUE>61.59804</VALUE>
</REPORT_DATA>
<REPORT_DATA>
<DATA_ITEM>LMP_PRC</DATA_ITEM>
<RESOURCE_NAME>DLAP_PGAE-APND</RESOURCE_NAME>
<OPR_DATE>2021-09-19</OPR_DATE>
<INTERVAL_NUM>19</INTERVAL_NUM>
<INTERVAL_START_GMT>2021-09-20T01:00:00-00:00</INTERVAL_START_GMT>
<INTERVAL_END_GMT>2021-09-20T02:00:00-00:00</INTERVAL_END_GMT>
<VALUE>83.48895</VALUE>
</REPORT_DATA>
<REPORT_DATA>
<DATA_ITEM>LMP_PRC</DATA_ITEM>
<RESOURCE_NAME>DLAP_PGAE-APND</RESOURCE_NAME>
<OPR_DATE>2021-09-19</OPR_DATE>
<INTERVAL_NUM>12</INTERVAL_NUM>
<INTERVAL_START_GMT>2021-09-19T18:00:00-00:00</INTERVAL_START_GMT>
<INTERVAL_END_GMT>2021-09-19T19:00:00-00:00</INTERVAL_END_GMT>
<VALUE>29.01</VALUE>
</REPORT_DATA>
<REPORT_DATA>
<DATA_ITEM>LMP_PRC</DATA_ITEM>
<RESOURCE_NAME>DLAP_PGAE-APND</RESOURCE_NAME>
<OPR_DATE>2021-09-19</OPR_DATE>
<INTERVAL_NUM>3</INTERVAL_NUM>
<INTERVAL_START_GMT>2021-09-19T09:00:00-00:00</INTERVAL_START_GMT>
<INTERVAL_END_GMT>2021-09-19T10:00:00-00:00</INTERVAL_END_GMT>
<VALUE>55.00865</VALUE>
</REPORT_DATA>
<REPORT_DATA>
<DATA_ITEM>LMP_PRC</DATA_ITEM>
<RESOURCE_NAME>DLAP_PGAE-APND</RESOURCE_NAME>
<OPR_DATE>2021-09-19</OPR_DATE>
<INTERVAL_NUM>11</INTERVAL_NUM>
<INTERVAL_START_GMT>2021-09-19T17:00:00-00:00</INTERVAL_START_GMT>
<INTERVAL_END_GMT>2021-09-19T18:00:00-00:00</INTERVAL_END_GMT>
<VALUE>27.52705</VALUE>
</REPORT_DATA>
<REPORT_DATA>
<DATA_ITEM>LMP_PRC</DATA_ITEM>
<RESOURCE_NAME>DLAP_PGAE-APND</RESOURCE_NAME>
<OPR_DATE>2021-09-19</OPR_DATE>
<INTERVAL_NUM>4</INTERVAL_NUM>
<INTERVAL_START_GMT>2021-09-19T10:00:00-00:00</INTERVAL_START_GMT>
<INTERVAL_END_GMT>2021-09-19T11:00:00-00:00</INTERVAL_END_GMT>
<VALUE>54.85</VALUE>
</REPORT_DATA>
<REPORT_DATA>
<DATA_ITEM>LMP_PRC</DATA_ITEM>
<RESOURCE_NAME>DLAP_PGAE-APND</RESOURCE_NAME>
<OPR_DATE>2021-09-19</OPR_DATE>
<INTERVAL_NUM>5</INTERVAL_NUM>
<INTERVAL_START_GMT>2021-09-19T11:00:00-00:00</INTERVAL_START_GMT>
<INTERVAL_END_GMT>2021-09-19T12:00:00-00:00</INTERVAL_END_GMT>
<VALUE>54.34296</VALUE>
</REPORT_DATA>
<REPORT_DATA>
<DATA_ITEM>LMP_PRC</DATA_ITEM>
<RESOURCE_NAME>DLAP_PGAE-APND</RESOURCE_NAME>
<OPR_DATE>2021-09-19</OPR_DATE>
<INTERVAL_NUM>7</INTERVAL_NUM>
<INTERVAL_START_GMT>2021-09-19T13:00:00-00:00</INTERVAL_START_GMT>
<INTERVAL_END_GMT>2021-09-19T14:00:00-00:00</INTERVAL_END_GMT>
<VALUE>57.70141</VALUE>
</REPORT_DATA>
<REPORT_DATA>
<DATA_ITEM>LMP_PRC</DATA_ITEM>
<RESOURCE_NAME>DLAP_PGAE-APND</RESOURCE_NAME>
<OPR_DATE>2021-09-19</OPR_DATE>
<INTERVAL_NUM>13</INTERVAL_NUM>
<INTERVAL_START_GMT>2021-09-19T19:00:00-00:00</INTERVAL_START_GMT>
<INTERVAL_END_GMT>2021-09-19T20:00:00-00:00</INTERVAL_END_GMT>
<VALUE>30</VALUE>
</REPORT_DATA>
<REPORT_DATA>
<DATA_ITEM>LMP_PRC</DATA_ITEM>
<RESOURCE_NAME>DLAP_PGAE-APND</RESOURCE_NAME>
<OPR_DATE>2021-09-19</OPR_DATE>
<INTERVAL_NUM>14</INTERVAL_NUM>
<INTERVAL_START_GMT>2021-09-19T20:00:00-00:00</INTERVAL_START_GMT>
<INTERVAL_END_GMT>2021-09-19T21:00:00-00:00</INTERVAL_END_GMT>
<VALUE>31.07</VALUE>
</REPORT_DATA>
<REPORT_DATA>
<DATA_ITEM>LMP_PRC</DATA_ITEM>
<RESOURCE_NAME>DLAP_PGAE-APND</RESOURCE_NAME>
<OPR_DATE>2021-09-19</OPR_DATE>
<INTERVAL_NUM>18</INTERVAL_NUM>
<INTERVAL_START_GMT>2021-09-20T00:00:00-00:00</INTERVAL_START_GMT>
<INTERVAL_END_GMT>2021-09-20T01:00:00-00:00</INTERVAL_END_GMT>
<VALUE>67.14118</VALUE>
</REPORT_DATA>
</REPORT_ITEM>
<REPORT_ITEM>
<REPORT_HEADER>
<SYSTEM>OASIS</SYSTEM>
<TZ>PPT</TZ>
<REPORT>PRC_LMP</REPORT>
<MKT_TYPE>DAM</MKT_TYPE>
<UOM>US$/MWh</UOM>
<INTERVAL>ENDING</INTERVAL>
<SEC_PER_INTERVAL>3600</SEC_PER_INTERVAL>
</REPORT_HEADER>
<REPORT_DATA>
<DATA_ITEM>LMP_CONG_PRC</DATA_ITEM>
<RESOURCE_NAME>DLAP_PGAE-APND</RESOURCE_NAME>
<OPR_DATE>2021-09-19</OPR_DATE>
<INTERVAL_NUM>1</INTERVAL_NUM>
<INTERVAL_START_GMT>2021-09-19T07:00:00-00:00</INTERVAL_START_GMT>
<INTERVAL_END_GMT>2021-09-19T08:00:00-00:00</INTERVAL_END_GMT>
<VALUE>0</VALUE>
</REPORT_DATA>
<REPORT_DATA>
<DATA_ITEM>LMP_CONG_PRC</DATA_ITEM>
<RESOURCE_NAME>DLAP_PGAE-APND</RESOURCE_NAME>
<OPR_DATE>2021-09-19</OPR_DATE>
<INTERVAL_NUM>4</INTERVAL_NUM>
<INTERVAL_START_GMT>2021-09-19T10:00:00-00:00</INTERVAL_START_GMT>
<INTERVAL_END_GMT>2021-09-19T11:00:00-00:00</INTERVAL_END_GMT>
<VALUE>0</VALUE>
</REPORT_DATA>
<REPORT_DATA>
<DATA_ITEM>LMP_CONG_PRC</DATA_ITEM>
<RESOURCE_NAME>DLAP_PGAE-APND</RESOURCE_NAME>
<OPR_DATE>2021-09-19</OPR_DATE>
<INTERVAL_NUM>7</INTERVAL_NUM>
<INTERVAL_START_GMT>2021-09-19T13:00:00-00:00</INTERVAL_START_GMT>
<INTERVAL_END_GMT>2021-09-19T14:00:00-00:00</INTERVAL_END_GMT>
<VALUE>0</VALUE>
</REPORT_DATA>
<REPORT_DATA>
<DATA_ITEM>LMP_CONG_PRC</DATA_ITEM>
<RESOURCE_NAME>DLAP_PGAE-APND</RESOURCE_NAME>
<OPR_DATE>2021-09-19</OPR_DATE>
<INTERVAL_NUM>10</INTERVAL_NUM>
<INTERVAL_START_GMT>2021-09-19T16:00:00-00:00</INTERVAL_START_GMT>
<INTERVAL_END_GMT>2021-09-19T17:00:00-00:00</INTERVAL_END_GMT>
<VALUE>11.72697</VALUE>
</REPORT_DATA>
<REPORT_DATA>
<DATA_ITEM>LMP_CONG_PRC</DATA_ITEM>
<RESOURCE_NAME>DLAP_PGAE-APND</RESOURCE_NAME>
<OPR_DATE>2021-09-19</OPR_DATE>
<INTERVAL_NUM>18</INTERVAL_NUM>
<INTERVAL_START_GMT>2021-09-20T00:00:00-00:00</INTERVAL_START_GMT>
<INTERVAL_END_GMT>2021-09-20T01:00:00-00:00</INTERVAL_END_GMT>
<VALUE>0</VALUE>
</REPORT_DATA>
<REPORT_DATA>
<DATA_ITEM>LMP_CONG_PRC</DATA_ITEM>
<RESOURCE_NAME>DLAP_PGAE-APND</RESOURCE_NAME>
<OPR_DATE>2021-09-19</OPR_DATE>
<INTERVAL_NUM>21</INTERVAL_NUM>
<INTERVAL_START_GMT>2021-09-20T03:00:00-00:00</INTERVAL_START_GMT>
<INTERVAL_END_GMT>2021-09-20T04:00:00-00:00</INTERVAL_END_GMT>
<VALUE>0</VALUE>
</REPORT_DATA>
<REPORT_DATA>
<DATA_ITEM>LMP_CONG_PRC</DATA_ITEM>
<RESOURCE_NAME>DLAP_PGAE-APND</RESOURCE_NAME>
<OPR_DATE>2021-09-19</OPR_DATE>
<INTERVAL_NUM>13</INTERVAL_NUM>
<INTERVAL_START_GMT>2021-09-19T19:00:00-00:00</INTERVAL_START_GMT>
<INTERVAL_END_GMT>2021-09-19T20:00:00-00:00</INTERVAL_END_GMT>
<VALUE>18.04902</VALUE>
</REPORT_DATA>
<REPORT_DATA>
<DATA_ITEM>LMP_CONG_PRC</DATA_ITEM>
<RESOURCE_NAME>DLAP_PGAE-APND</RESOURCE_NAME>
<OPR_DATE>2021-09-19</OPR_DATE>
<INTERVAL_NUM>20</INTERVAL_NUM>
<INTERVAL_START_GMT>2021-09-20T02:00:00-00:00</INTERVAL_START_GMT>
<INTERVAL_END_GMT>2021-09-20T03:00:00-00:00</INTERVAL_END_GMT>
<VALUE>0</VALUE>
</REPORT_DATA>
<REPORT_DATA>
<DATA_ITEM>LMP_CONG_PRC</DATA_ITEM>
<RESOURCE_NAME>DLAP_PGAE-APND</RESOURCE_NAME>
<OPR_DATE>2021-09-19</OPR_DATE>
<INTERVAL_NUM>5</INTERVAL_NUM>
<INTERVAL_START_GMT>2021-09-19T11:00:00-00:00</INTERVAL_START_GMT>
<INTERVAL_END_GMT>2021-09-19T12:00:00-00:00</INTERVAL_END_GMT>
<VALUE>0</VALUE>
</REPORT_DATA>
<REPORT_DATA>
<DATA_ITEM>LMP_CONG_PRC</DATA_ITEM>
<RESOURCE_NAME>DLAP_PGAE-APND</RESOURCE_NAME>
<OPR_DATE>2021-09-19</OPR_DATE>
<INTERVAL_NUM>8</INTERVAL_NUM>
<INTERVAL_START_GMT>2021-09-19T14:00:00-00:00</INTERVAL_START_GMT>
<INTERVAL_END_GMT>2021-09-19T15:00:00-00:00</INTERVAL_END_GMT>
<VALUE>0</VALUE>
</REPORT_DATA>
<REPORT_DATA>
<DATA_ITEM>LMP_CONG_PRC</DATA_ITEM>
<RESOURCE_NAME>DLAP_PGAE-APND</RESOURCE_NAME>
<OPR_DATE>2021-09-19</OPR_DATE>
<INTERVAL_NUM>11</INTERVAL_NUM>
<INTERVAL_START_GMT>2021-09-19T17:00:00-00:00</INTERVAL_START_GMT>
<INTERVAL_END_GMT>2021-09-19T18:00:00-00:00</INTERVAL_END_GMT>
<VALUE>16.06945</VALUE>
</REPORT_DATA>
<REPORT_DATA>
<DATA_ITEM>LMP_CONG_PRC</DATA_ITEM>
<RESOURCE_NAME>DLAP_PGAE-APND</RESOURCE_NAME>
<OPR_DATE>2021-09-19</OPR_DATE>
<INTERVAL_NUM>24</INTERVAL_NUM>
<INTERVAL_START_GMT>2021-09-20T06:00:00-00:00</INTERVAL_START_GMT>
<INTERVAL_END_GMT>2021-09-20T07:00:00-00:00</INTERVAL_END_GMT>
<VALUE>0</VALUE>
</REPORT_DATA>
<REPORT_DATA>
<DATA_ITEM>LMP_CONG_PRC</DATA_ITEM>
<RESOURCE_NAME>DLAP_PGAE-APND</RESOURCE_NAME>
<OPR_DATE>2021-09-19</OPR_DATE>
<INTERVAL_NUM>2</INTERVAL_NUM>
<INTERVAL_START_GMT>2021-09-19T08:00:00-00:00</INTERVAL_START_GMT>
<INTERVAL_END_GMT>2021-09-19T09:00:00-00:00</INTERVAL_END_GMT>
<VALUE>0</VALUE>
</REPORT_DATA>
<REPORT_DATA>
<DATA_ITEM>LMP_CONG_PRC</DATA_ITEM>
<RESOURCE_NAME>DLAP_PGAE-APND</RESOURCE_NAME>
<OPR_DATE>2021-09-19</OPR_DATE>
<INTERVAL_NUM>9</INTERVAL_NUM>
<INTERVAL_START_GMT>2021-09-19T15:00:00-00:00</INTERVAL_START_GMT>
<INTERVAL_END_GMT>2021-09-19T16:00:00-00:00</INTERVAL_END_GMT>
<VALUE>0.02684</VALUE>
</REPORT_DATA>
<REPORT_DATA>
<DATA_ITEM>LMP_CONG_PRC</DATA_ITEM>
<RESOURCE_NAME>DLAP_PGAE-APND</RESOURCE_NAME>
<OPR_DATE>2021-09-19</OPR_DATE>
<INTERVAL_NUM>15</INTERVAL_NUM>
<INTERVAL_START_GMT>2021-09-19T21:00:00-00:00</INTERVAL_START_GMT>
<INTERVAL_END_GMT>2021-09-19T22:00:00-00:00</INTERVAL_END_GMT>
<VALUE>13.02165</VALUE>
</REPORT_DATA>
<REPORT_DATA>
<DATA_ITEM>LMP_CONG_PRC</DATA_ITEM>
<RESOURCE_NAME>DLAP_PGAE-APND</RESOURCE_NAME>
<OPR_DATE>2021-09-19</OPR_DATE>
<INTERVAL_NUM>16</INTERVAL_NUM>
<INTERVAL_START_GMT>2021-09-19T22:00:00-00:00</INTERVAL_START_GMT>
<INTERVAL_END_GMT>2021-09-19T23:00:00-00:00</INTERVAL_END_GMT>
<VALUE>7.24219</VALUE>
</REPORT_DATA>
<REPORT_DATA>
<DATA_ITEM>LMP_CONG_PRC</DATA_ITEM>
<RESOURCE_NAME>DLAP_PGAE-APND</RESOURCE_NAME>
<OPR_DATE>2021-09-19</OPR_DATE>
<INTERVAL_NUM>19</INTERVAL_NUM>
<INTERVAL_START_GMT>2021-09-20T01:00:00-00:00</INTERVAL_START_GMT>
<INTERVAL_END_GMT>2021-09-20T02:00:00-00:00</INTERVAL_END_GMT>
<VALUE>0</VALUE>
</REPORT_DATA>
<REPORT_DATA>
<DATA_ITEM>LMP_CONG_PRC</DATA_ITEM>
<RESOURCE_NAME>DLAP_PGAE-APND</RESOURCE_NAME>
<OPR_DATE>2021-09-19</OPR_DATE>
<INTERVAL_NUM>23</INTERVAL_NUM>
<INTERVAL_START_GMT>2021-09-20T05:00:00-00:00</INTERVAL_START_GMT>
<INTERVAL_END_GMT>2021-09-20T06:00:00-00:00</INTERVAL_END_GMT>
<VALUE>0</VALUE>
</REPORT_DATA>
<REPORT_DATA>
<DATA_ITEM>LMP_CONG_PRC</DATA_ITEM>
<RESOURCE_NAME>DLAP_PGAE-APND</RESOURCE_NAME>
<OPR_DATE>2021-09-19</OPR_DATE>
<INTERVAL_NUM>3</INTERVAL_NUM>
<INTERVAL_START_GMT>2021-09-19T09:00:00-00:00</INTERVAL_START_GMT>
<INTERVAL_END_GMT>2021-09-19T10:00:00-00:00</INTERVAL_END_GMT>
<VALUE>0</VALUE>
</REPORT_DATA>
<REPORT_DATA>
<DATA_ITEM>LMP_CONG_PRC</DATA_ITEM>
<RESOURCE_NAME>DLAP_PGAE-APND</RESOURCE_NAME>
<OPR_DATE>2021-09-19</OPR_DATE>
<INTERVAL_NUM>12</INTERVAL_NUM>
<INTERVAL_START_GMT>2021-09-19T18:00:00-00:00</INTERVAL_START_GMT>
<INTERVAL_END_GMT>2021-09-19T19:00:00-00:00</INTERVAL_END_GMT>
<VALUE>17.44961</VALUE>
</REPORT_DATA>
<REPORT_DATA>
<DATA_ITEM>LMP_CONG_PRC</DATA_ITEM>
<RESOURCE_NAME>DLAP_PGAE-APND</RESOURCE_NAME>
<OPR_DATE>2021-09-19</OPR_DATE>
<INTERVAL_NUM>17</INTERVAL_NUM>
<INTERVAL_START_GMT>2021-09-19T23:00:00-00:00</INTERVAL_START_GMT>
<INTERVAL_END_GMT>2021-09-20T00:00:00-00:00</INTERVAL_END_GMT>
<VALUE>0</VALUE>
</REPORT_DATA>
<REPORT_DATA>
<DATA_ITEM>LMP_CONG_PRC</DATA_ITEM>
<RESOURCE_NAME>DLAP_PGAE-APND</RESOURCE_NAME>
<OPR_DATE>2021-09-19</OPR_DATE>
<INTERVAL_NUM>6</INTERVAL_NUM>
<INTERVAL_START_GMT>2021-09-19T12:00:00-00:00</INTERVAL_START_GMT>
<INTERVAL_END_GMT>2021-09-19T13:00:00-00:00</INTERVAL_END_GMT>
<VALUE>0</VALUE>
</REPORT_DATA>
<REPORT_DATA>
<DATA_ITEM>LMP_CONG_PRC</DATA_ITEM>
<RESOURCE_NAME>DLAP_PGAE-APND</RESOURCE_NAME>
<OPR_DATE>2021-09-19</OPR_DATE>
<INTERVAL_NUM>14</INTERVAL_NUM>
<INTERVAL_START_GMT>2021-09-19T20:00:00-00:00</INTERVAL_START_GMT>
<INTERVAL_END_GMT>2021-09-19T21:00:00-00:00</INTERVAL_END_GMT>
<VALUE>14.69392</VALUE>
</REPORT_DATA>
<REPORT_DATA>
<DATA_ITEM>LMP_CONG_PRC</DATA_ITEM>
<RESOURCE_NAME>DLAP_PGAE-APND</RESOURCE_NAME>
<OPR_DATE>2021-09-19</OPR_DATE>
<INTERVAL_NUM>22</INTERVAL_NUM>
<INTERVAL_START_GMT>2021-09-20T04:00:00-00:00</INTERVAL_START_GMT>
<INTERVAL_END_GMT>2021-09-20T05:00:00-00:00</INTERVAL_END_GMT>
<VALUE>0</VALUE>
</REPORT_DATA>
</REPORT_ITEM>
<REPORT_ITEM>
<REPORT_HEADER>
<SYSTEM>OASIS</SYSTEM>
<TZ>PPT</TZ>
<REPORT>PRC_LMP</REPORT>
<MKT_TYPE>DAM</MKT_TYPE>
<UOM>US$/MWh</UOM>
<INTERVAL>ENDING</INTERVAL>
<SEC_PER_INTERVAL>3600</SEC_PER_INTERVAL>
</REPORT_HEADER>
<REPORT_DATA>
<DATA_ITEM>LMP_ENE_PRC</DATA_ITEM>
<RESOURCE_NAME>DLAP_PGAE-APND</RESOURCE_NAME>
<OPR_DATE>2021-09-19</OPR_DATE>
<INTERVAL_NUM>17</INTERVAL_NUM>
<INTERVAL_START_GMT>2021-09-19T23:00:00-00:00</INTERVAL_START_GMT>
<INTERVAL_END_GMT>2021-09-20T00:00:00-00:00</INTERVAL_END_GMT>
<VALUE>44.39612</VALUE>
</REPORT_DATA>
<REPORT_DATA>
<DATA_ITEM>LMP_ENE_PRC</DATA_ITEM>
<RESOURCE_NAME>DLAP_PGAE-APND</RESOURCE_NAME>
<OPR_DATE>2021-09-19</OPR_DATE>
<INTERVAL_NUM>19</INTERVAL_NUM>
<INTERVAL_START_GMT>2021-09-20T01:00:00-00:00</INTERVAL_START_GMT>
<INTERVAL_END_GMT>2021-09-20T02:00:00-00:00</INTERVAL_END_GMT>
<VALUE>81.53218</VALUE>
</REPORT_DATA>
<REPORT_DATA>
<DATA_ITEM>LMP_ENE_PRC</DATA_ITEM>
<RESOURCE_NAME>DLAP_PGAE-APND</RESOURCE_NAME>
<OPR_DATE>2021-09-19</OPR_DATE>
<INTERVAL_NUM>18</INTERVAL_NUM>
<INTERVAL_START_GMT>2021-09-20T00:00:00-00:00</INTERVAL_START_GMT>
<INTERVAL_END_GMT>2021-09-20T01:00:00-00:00</INTERVAL_END_GMT>
<VALUE>65.25531</VALUE>
</REPORT_DATA>
<REPORT_DATA>
<DATA_ITEM>LMP_ENE_PRC</DATA_ITEM>
<RESOURCE_NAME>DLAP_PGAE-APND</RESOURCE_NAME>
<OPR_DATE>2021-09-19</OPR_DATE>
<INTERVAL_NUM>9</INTERVAL_NUM>
<INTERVAL_START_GMT>2021-09-19T15:00:00-00:00</INTERVAL_START_GMT>
<INTERVAL_END_GMT>2021-09-19T16:00:00-00:00</INTERVAL_END_GMT>
<VALUE>29.28982</VALUE>
</REPORT_DATA>
<REPORT_DATA>
<DATA_ITEM>LMP_ENE_PRC</DATA_ITEM>
<RESOURCE_NAME>DLAP_PGAE-APND</RESOURCE_NAME>
<OPR_DATE>2021-09-19</OPR_DATE>
<INTERVAL_NUM>2</INTERVAL_NUM>
<INTERVAL_START_GMT>2021-09-19T08:00:00-00:00</INTERVAL_START_GMT>
<INTERVAL_END_GMT>2021-09-19T09:00:00-00:00</INTERVAL_END_GMT>
<VALUE>55.08407</VALUE>
</REPORT_DATA>
<REPORT_DATA>
<DATA_ITEM>LMP_ENE_PRC</DATA_ITEM>
<RESOURCE_NAME>DLAP_PGAE-APND</RESOURCE_NAME>
<OPR_DATE>2021-09-19</OPR_DATE>
<INTERVAL_NUM>1</INTERVAL_NUM>
<INTERVAL_START_GMT>2021-09-19T07:00:00-00:00</INTERVAL_START_GMT>
<INTERVAL_END_GMT>2021-09-19T08:00:00-00:00</INTERVAL_END_GMT>
<VALUE>56.93298</VALUE>
</REPORT_DATA>
<REPORT_DATA>
<DATA_ITEM>LMP_ENE_PRC</DATA_ITEM>
<RESOURCE_NAME>DLAP_PGAE-APND</RESOURCE_NAME>
<OPR_DATE>2021-09-19</OPR_DATE>
<INTERVAL_NUM>11</INTERVAL_NUM>
<INTERVAL_START_GMT>2021-09-19T17:00:00-00:00</INTERVAL_START_GMT>
<INTERVAL_END_GMT>2021-09-19T18:00:00-00:00</INTERVAL_END_GMT>
<VALUE>10.91928</VALUE>
</REPORT_DATA>
<REPORT_DATA>
<DATA_ITEM>LMP_ENE_PRC</DATA_ITEM>
<RESOURCE_NAME>DLAP_PGAE-APND</RESOURCE_NAME>
<OPR_DATE>2021-09-19</OPR_DATE>
<INTERVAL_NUM>8</INTERVAL_NUM>
<INTERVAL_START_GMT>2021-09-19T14:00:00-00:00</INTERVAL_START_GMT>
<INTERVAL_END_GMT>2021-09-19T15:00:00-00:00</INTERVAL_END_GMT>
<VALUE>52.3122</VALUE>
</REPORT_DATA>
<REPORT_DATA>
<DATA_ITEM>LMP_ENE_PRC</DATA_ITEM>
<RESOURCE_NAME>DLAP_PGAE-APND</RESOURCE_NAME>
<OPR_DATE>2021-09-19</OPR_DATE>
<INTERVAL_NUM>24</INTERVAL_NUM>
<INTERVAL_START_GMT>2021-09-20T06:00:00-00:00</INTERVAL_START_GMT>
<INTERVAL_END_GMT>2021-09-20T07:00:00-00:00</INTERVAL_END_GMT>
<VALUE>60.3429</VALUE>
</REPORT_DATA>
<REPORT_DATA>
<DATA_ITEM>LMP_ENE_PRC</DATA_ITEM>
<RESOURCE_NAME>DLAP_PGAE-APND</RESOURCE_NAME>
<OPR_DATE>2021-09-19</OPR_DATE>
<INTERVAL_NUM>16</INTERVAL_NUM>
<INTERVAL_START_GMT>2021-09-19T22:00:00-00:00</INTERVAL_START_GMT>
<INTERVAL_END_GMT>2021-09-19T23:00:00-00:00</INTERVAL_END_GMT>
<VALUE>34.20896</VALUE>
</REPORT_DATA>
<REPORT_DATA>
<DATA_ITEM>LMP_ENE_PRC</DATA_ITEM>
<RESOURCE_NAME>DLAP_PGAE-APND</RESOURCE_NAME>
<OPR_DATE>2021-09-19</OPR_DATE>
<INTERVAL_NUM>15</INTERVAL_NUM>
<INTERVAL_START_GMT>2021-09-19T21:00:00-00:00</INTERVAL_START_GMT>
<INTERVAL_END_GMT>2021-09-19T22:00:00-00:00</INTERVAL_END_GMT>
<VALUE>19.87858</VALUE>
</REPORT_DATA>
<REPORT_DATA>
<DATA_ITEM>LMP_ENE_PRC</DATA_ITEM>
<RESOURCE_NAME>DLAP_PGAE-APND</RESOURCE_NAME>
<OPR_DATE>2021-09-19</OPR_DATE>
<INTERVAL_NUM>13</INTERVAL_NUM>
<INTERVAL_START_GMT>2021-09-19T19:00:00-00:00</INTERVAL_START_GMT>
<INTERVAL_END_GMT>2021-09-19T20:00:00-00:00</INTERVAL_END_GMT>
<VALUE>11.38297</VALUE>
</REPORT_DATA>
<REPORT_DATA>
<DATA_ITEM>LMP_ENE_PRC</DATA_ITEM>
<RESOURCE_NAME>DLAP_PGAE-APND</RESOURCE_NAME>
<OPR_DATE>2021-09-19</OPR_DATE>
<INTERVAL_NUM>10</INTERVAL_NUM>
<INTERVAL_START_GMT>2021-09-19T16:00:00-00:00</INTERVAL_START_GMT>
<INTERVAL_END_GMT>2021-09-19T17:00:00-00:00</INTERVAL_END_GMT>
<VALUE>19.48787</VALUE>
</REPORT_DATA>
<REPORT_DATA>
<DATA_ITEM>LMP_ENE_PRC</DATA_ITEM>
<RESOURCE_NAME>DLAP_PGAE-APND</RESOURCE_NAME>
<OPR_DATE>2021-09-19</OPR_DATE>
<INTERVAL_NUM>5</INTERVAL_NUM>
<INTERVAL_START_GMT>2021-09-19T11:00:00-00:00</INTERVAL_START_GMT>
<INTERVAL_END_GMT>2021-09-19T12:00:00-00:00</INTERVAL_END_GMT>
<VALUE>53.14714</VALUE>
</REPORT_DATA>
<REPORT_DATA>
<DATA_ITEM>LMP_ENE_PRC</DATA_ITEM>
<RESOURCE_NAME>DLAP_PGAE-APND</RESOURCE_NAME>
<OPR_DATE>2021-09-19</OPR_DATE>
<INTERVAL_NUM>12</INTERVAL_NUM>
<INTERVAL_START_GMT>2021-09-19T18:00:00-00:00</INTERVAL_START_GMT>
<INTERVAL_END_GMT>2021-09-19T19:00:00-00:00</INTERVAL_END_GMT>
<VALUE>11.012</VALUE>
</REPORT_DATA>
<REPORT_DATA>
<DATA_ITEM>LMP_ENE_PRC</DATA_ITEM>
<RESOURCE_NAME>DLAP_PGAE-APND</RESOURCE_NAME>
<OPR_DATE>2021-09-19</OPR_DATE>
<INTERVAL_NUM>4</INTERVAL_NUM>
<INTERVAL_START_GMT>2021-09-19T10:00:00-00:00</INTERVAL_START_GMT>
<INTERVAL_END_GMT>2021-09-19T11:00:00-00:00</INTERVAL_END_GMT>
<VALUE>53.64828</VALUE>
</REPORT_DATA>
<REPORT_DATA>
<DATA_ITEM>LMP_ENE_PRC</DATA_ITEM>
<RESOURCE_NAME>DLAP_PGAE-APND</RESOURCE_NAME>
<OPR_DATE>2021-09-19</OPR_DATE>
<INTERVAL_NUM>3</INTERVAL_NUM>
<INTERVAL_START_GMT>2021-09-19T09:00:00-00:00</INTERVAL_START_GMT>
<INTERVAL_END_GMT>2021-09-19T10:00:00-00:00</INTERVAL_END_GMT>
<VALUE>53.79819</VALUE>
</REPORT_DATA>
<REPORT_DATA>
<DATA_ITEM>LMP_ENE_PRC</DATA_ITEM>
<RESOURCE_NAME>DLAP_PGAE-APND</RESOURCE_NAME>
<OPR_DATE>2021-09-19</OPR_DATE>
<INTERVAL_NUM>20</INTERVAL_NUM>
<INTERVAL_START_GMT>2021-09-20T02:00:00-00:00</INTERVAL_START_GMT>
<INTERVAL_END_GMT>2021-09-20T03:00:00-00:00</INTERVAL_END_GMT>
<VALUE>83.29677</VALUE>
</REPORT_DATA>
<REPORT_DATA>
<DATA_ITEM>LMP_ENE_PRC</DATA_ITEM>
<RESOURCE_NAME>DLAP_PGAE-APND</RESOURCE_NAME>
<OPR_DATE>2021-09-19</OPR_DATE>
<INTERVAL_NUM>22</INTERVAL_NUM>
<INTERVAL_START_GMT>2021-09-20T04:00:00-00:00</INTERVAL_START_GMT>
<INTERVAL_END_GMT>2021-09-20T05:00:00-00:00</INTERVAL_END_GMT>
<VALUE>68.90774</VALUE>
</REPORT_DATA>
<REPORT_DATA>
<DATA_ITEM>LMP_ENE_PRC</DATA_ITEM>
<RESOURCE_NAME>DLAP_PGAE-APND</RESOURCE_NAME>
<OPR_DATE>2021-09-19</OPR_DATE>
<INTERVAL_NUM>14</INTERVAL_NUM>
<INTERVAL_START_GMT>2021-09-19T20:00:00-00:00</INTERVAL_START_GMT>
<INTERVAL_END_GMT>2021-09-19T21:00:00-00:00</INTERVAL_END_GMT>
<VALUE>15.57847</VALUE>
</REPORT_DATA>
<REPORT_DATA>
<DATA_ITEM>LMP_ENE_PRC</DATA_ITEM>
<RESOURCE_NAME>DLAP_PGAE-APND</RESOURCE_NAME>
<OPR_DATE>2021-09-19</OPR_DATE>
<INTERVAL_NUM>7</INTERVAL_NUM>
<INTERVAL_START_GMT>2021-09-19T13:00:00-00:00</INTERVAL_START_GMT>
<INTERVAL_END_GMT>2021-09-19T14:00:00-00:00</INTERVAL_END_GMT>
<VALUE>56.02622</VALUE>
</REPORT_DATA>
<REPORT_DATA>
<DATA_ITEM>LMP_ENE_PRC</DATA_ITEM>
<RESOURCE_NAME>DLAP_PGAE-APND</RESOURCE_NAME>
<OPR_DATE>2021-09-19</OPR_DATE>
<INTERVAL_NUM>6</INTERVAL_NUM>
<INTERVAL_START_GMT>2021-09-19T12:00:00-00:00</INTERVAL_START_GMT>
<INTERVAL_END_GMT>2021-09-19T13:00:00-00:00</INTERVAL_END_GMT>
<VALUE>55.62711</VALUE>
</REPORT_DATA>
<REPORT_DATA>
<DATA_ITEM>LMP_ENE_PRC</DATA_ITEM>
<RESOURCE_NAME>DLAP_PGAE-APND</RESOURCE_NAME>
<OPR_DATE>2021-09-19</OPR_DATE>
<INTERVAL_NUM>21</INTERVAL_NUM>
<INTERVAL_START_GMT>2021-09-20T03:00:00-00:00</INTERVAL_START_GMT>
<INTERVAL_END_GMT>2021-09-20T04:00:00-00:00</INTERVAL_END_GMT>
<VALUE>72.41054</VALUE>
</REPORT_DATA>
<REPORT_DATA>
<DATA_ITEM>LMP_ENE_PRC</DATA_ITEM>
<RESOURCE_NAME>DLAP_PGAE-APND</RESOURCE_NAME>
<OPR_DATE>2021-09-19</OPR_DATE>
<INTERVAL_NUM>23</INTERVAL_NUM>
<INTERVAL_START_GMT>2021-09-20T05:00:00-00:00</INTERVAL_START_GMT>
<INTERVAL_END_GMT>2021-09-20T06:00:00-00:00</INTERVAL_END_GMT>
<VALUE>64.37638</VALUE>
</REPORT_DATA>
</REPORT_ITEM>
<REPORT_ITEM>
<REPORT_HEADER>
<SYSTEM>OASIS</SYSTEM>
<TZ>PPT</TZ>
<REPORT>PRC_LMP</REPORT>
<MKT_TYPE>DAM</MKT_TYPE>
<UOM>US$/MWh</UOM>
<INTERVAL>ENDING</INTERVAL>
<SEC_PER_INTERVAL>3600</SEC_PER_INTERVAL>
</REPORT_HEADER>
<REPORT_DATA>
<DATA_ITEM>LMP_LOSS_PRC</DATA_ITEM>
<RESOURCE_NAME>DLAP_PGAE-APND</RESOURCE_NAME>
<OPR_DATE>2021-09-19</OPR_DATE>
<INTERVAL_NUM>2</INTERVAL_NUM>
<INTERVAL_START_GMT>2021-09-19T08:00:00-00:00</INTERVAL_START_GMT>
<INTERVAL_END_GMT>2021-09-19T09:00:00-00:00</INTERVAL_END_GMT>
<VALUE>1.18431</VALUE>
</REPORT_DATA>
<REPORT_DATA>
<DATA_ITEM>LMP_LOSS_PRC</DATA_ITEM>
<RESOURCE_NAME>DLAP_PGAE-APND</RESOURCE_NAME>
<OPR_DATE>2021-09-19</OPR_DATE>
<INTERVAL_NUM>13</INTERVAL_NUM>
<INTERVAL_START_GMT>2021-09-19T19:00:00-00:00</INTERVAL_START_GMT>
<INTERVAL_END_GMT>2021-09-19T20:00:00-00:00</INTERVAL_END_GMT>
<VALUE>0.56801</VALUE>
</REPORT_DATA>
<REPORT_DATA>
<DATA_ITEM>LMP_LOSS_PRC</DATA_ITEM>
<RESOURCE_NAME>DLAP_PGAE-APND</RESOURCE_NAME>
<OPR_DATE>2021-09-19</OPR_DATE>
<INTERVAL_NUM>24</INTERVAL_NUM>
<INTERVAL_START_GMT>2021-09-20T06:00:00-00:00</INTERVAL_START_GMT>
<INTERVAL_END_GMT>2021-09-20T07:00:00-00:00</INTERVAL_END_GMT>
<VALUE>1.25513</VALUE>
</REPORT_DATA>
<REPORT_DATA>
<DATA_ITEM>LMP_LOSS_PRC</DATA_ITEM>
<RESOURCE_NAME>DLAP_PGAE-APND</RESOURCE_NAME>
<OPR_DATE>2021-09-19</OPR_DATE>
<INTERVAL_NUM>22</INTERVAL_NUM>
<INTERVAL_START_GMT>2021-09-20T04:00:00-00:00</INTERVAL_START_GMT>
<INTERVAL_END_GMT>2021-09-20T05:00:00-00:00</INTERVAL_END_GMT>
<VALUE>1.52286</VALUE>
</REPORT_DATA>
<REPORT_DATA>
<DATA_ITEM>LMP_LOSS_PRC</DATA_ITEM>
<RESOURCE_NAME>DLAP_PGAE-APND</RESOURCE_NAME>
<OPR_DATE>2021-09-19</OPR_DATE>
<INTERVAL_NUM>3</INTERVAL_NUM>
<INTERVAL_START_GMT>2021-09-19T09:00:00-00:00</INTERVAL_START_GMT>
<INTERVAL_END_GMT>2021-09-19T10:00:00-00:00</INTERVAL_END_GMT>
<VALUE>1.21046</VALUE>
</REPORT_DATA>
<REPORT_DATA>
<DATA_ITEM>LMP_LOSS_PRC</DATA_ITEM>
<RESOURCE_NAME>DLAP_PGAE-APND</RESOURCE_NAME>
<OPR_DATE>2021-09-19</OPR_DATE>
<INTERVAL_NUM>19</INTERVAL_NUM>
<INTERVAL_START_GMT>2021-09-20T01:00:00-00:00</INTERVAL_START_GMT>
<INTERVAL_END_GMT>2021-09-20T02:00:00-00:00</INTERVAL_END_GMT>
<VALUE>1.95677</VALUE>
</REPORT_DATA>
<REPORT_DATA>
<DATA_ITEM>LMP_LOSS_PRC</DATA_ITEM>
<RESOURCE_NAME>DLAP_PGAE-APND</RESOURCE_NAME>
<OPR_DATE>2021-09-19</OPR_DATE>
<INTERVAL_NUM>17</INTERVAL_NUM>
<INTERVAL_START_GMT>2021-09-19T23:00:00-00:00</INTERVAL_START_GMT>
<INTERVAL_END_GMT>2021-09-20T00:00:00-00:00</INTERVAL_END_GMT>
<VALUE>1.81136</VALUE>
</REPORT_DATA>
<REPORT_DATA>
<DATA_ITEM>LMP_LOSS_PRC</DATA_ITEM>
<RESOURCE_NAME>DLAP_PGAE-APND</RESOURCE_NAME>
<OPR_DATE>2021-09-19</OPR_DATE>
<INTERVAL_NUM>4</INTERVAL_NUM>
<INTERVAL_START_GMT>2021-09-19T10:00:00-00:00</INTERVAL_START_GMT>
<INTERVAL_END_GMT>2021-09-19T11:00:00-00:00</INTERVAL_END_GMT>
<VALUE>1.20172</VALUE>
</REPORT_DATA>
<REPORT_DATA>
<DATA_ITEM>LMP_LOSS_PRC</DATA_ITEM>
<RESOURCE_NAME>DLAP_PGAE-APND</RESOURCE_NAME>
<OPR_DATE>2021-09-19</OPR_DATE>
<INTERVAL_NUM>14</INTERVAL_NUM>
<INTERVAL_START_GMT>2021-09-19T20:00:00-00:00</INTERVAL_START_GMT>
<INTERVAL_END_GMT>2021-09-19T21:00:00-00:00</INTERVAL_END_GMT>
<VALUE>0.79762</VALUE>
</REPORT_DATA>
<REPORT_DATA>
<DATA_ITEM>LMP_LOSS_PRC</DATA_ITEM>
<RESOURCE_NAME>DLAP_PGAE-APND</RESOURCE_NAME>
<OPR_DATE>2021-09-19</OPR_DATE>
<INTERVAL_NUM>16</INTERVAL_NUM>
<INTERVAL_START_GMT>2021-09-19T22:00:00-00:00</INTERVAL_START_GMT>
<INTERVAL_END_GMT>2021-09-19T23:00:00-00:00</INTERVAL_END_GMT>
<VALUE>1.80965</VALUE>
</REPORT_DATA>
<REPORT_DATA>
<DATA_ITEM>LMP_LOSS_PRC</DATA_ITEM>
<RESOURCE_NAME>DLAP_PGAE-APND</RESOURCE_NAME>
<OPR_DATE>2021-09-19</OPR_DATE>
<INTERVAL_NUM>23</INTERVAL_NUM>
<INTERVAL_START_GMT>2021-09-20T05:00:00-00:00</INTERVAL_START_GMT>
<INTERVAL_END_GMT>2021-09-20T06:00:00-00:00</INTERVAL_END_GMT>
<VALUE>1.57722</VALUE>
</REPORT_DATA>
<REPORT_DATA>
<DATA_ITEM>LMP_LOSS_PRC</DATA_ITEM>
<RESOURCE_NAME>DLAP_PGAE-APND</RESOURCE_NAME>
<OPR_DATE>2021-09-19</OPR_DATE>
<INTERVAL_NUM>20</INTERVAL_NUM>
<INTERVAL_START_GMT>2021-09-20T02:00:00-00:00</INTERVAL_START_GMT>
<INTERVAL_END_GMT>2021-09-20T03:00:00-00:00</INTERVAL_END_GMT>
<VALUE>1.85752</VALUE>
</REPORT_DATA>
<REPORT_DATA>
<DATA_ITEM>LMP_LOSS_PRC</DATA_ITEM>
<RESOURCE_NAME>DLAP_PGAE-APND</RESOURCE_NAME>
<OPR_DATE>2021-09-19</OPR_DATE>
<INTERVAL_NUM>18</INTERVAL_NUM>
<INTERVAL_START_GMT>2021-09-20T00:00:00-00:00</INTERVAL_START_GMT>
<INTERVAL_END_GMT>2021-09-20T01:00:00-00:00</INTERVAL_END_GMT>
<VALUE>1.88588</VALUE>
</REPORT_DATA>
<REPORT_DATA>
<DATA_ITEM>LMP_LOSS_PRC</DATA_ITEM>
<RESOURCE_NAME>DLAP_PGAE-APND</RESOURCE_NAME>
<OPR_DATE>2021-09-19</OPR_DATE>
<INTERVAL_NUM>15</INTERVAL_NUM>
<INTERVAL_START_GMT>2021-09-19T21:00:00-00:00</INTERVAL_START_GMT>
<INTERVAL_END_GMT>2021-09-19T22:00:00-00:00</INTERVAL_END_GMT>
<VALUE>1.01977</VALUE>
</REPORT_DATA>
<REPORT_DATA>
<DATA_ITEM>LMP_LOSS_PRC</DATA_ITEM>
<RESOURCE_NAME>DLAP_PGAE-APND</RESOURCE_NAME>
<OPR_DATE>2021-09-19</OPR_DATE>
<INTERVAL_NUM>12</INTERVAL_NUM>
<INTERVAL_START_GMT>2021-09-19T18:00:00-00:00</INTERVAL_START_GMT>
<INTERVAL_END_GMT>2021-09-19T19:00:00-00:00</INTERVAL_END_GMT>
<VALUE>0.5484</VALUE>
</REPORT_DATA>
<REPORT_DATA>
<DATA_ITEM>LMP_LOSS_PRC</DATA_ITEM>
<RESOURCE_NAME>DLAP_PGAE-APND</RESOURCE_NAME>
<OPR_DATE>2021-09-19</OPR_DATE>
<INTERVAL_NUM>9</INTERVAL_NUM>
<INTERVAL_START_GMT>2021-09-19T15:00:00-00:00</INTERVAL_START_GMT>
<INTERVAL_END_GMT>2021-09-19T16:00:00-00:00</INTERVAL_END_GMT>
<VALUE>1.43227</VALUE>
</REPORT_DATA>
<REPORT_DATA>
<DATA_ITEM>LMP_LOSS_PRC</DATA_ITEM>
<RESOURCE_NAME>DLAP_PGAE-APND</RESOURCE_NAME>
<OPR_DATE>2021-09-19</OPR_DATE>
<INTERVAL_NUM>10</INTERVAL_NUM>
<INTERVAL_START_GMT>2021-09-19T16:00:00-00:00</INTERVAL_START_GMT>
<INTERVAL_END_GMT>2021-09-19T17:00:00-00:00</INTERVAL_END_GMT>
<VALUE>0.94516</VALUE>
</REPORT_DATA>
<REPORT_DATA>
<DATA_ITEM>LMP_LOSS_PRC</DATA_ITEM>
<RESOURCE_NAME>DLAP_PGAE-APND</RESOURCE_NAME>
<OPR_DATE>2021-09-19</OPR_DATE>
<INTERVAL_NUM>8</INTERVAL_NUM>
<INTERVAL_START_GMT>2021-09-19T14:00:00-00:00</INTERVAL_START_GMT>
<INTERVAL_END_GMT>2021-09-19T15:00:00-00:00</INTERVAL_END_GMT>
<VALUE>1.60075</VALUE>
</REPORT_DATA>
<REPORT_DATA>
<DATA_ITEM>LMP_LOSS_PRC</DATA_ITEM>
<RESOURCE_NAME>DLAP_PGAE-APND</RESOURCE_NAME>
<OPR_DATE>2021-09-19</OPR_DATE>
<INTERVAL_NUM>6</INTERVAL_NUM>
<INTERVAL_START_GMT>2021-09-19T12:00:00-00:00</INTERVAL_START_GMT>
<INTERVAL_END_GMT>2021-09-19T13:00:00-00:00</INTERVAL_END_GMT>
<VALUE>1.31836</VALUE>
</REPORT_DATA>
<REPORT_DATA>
<DATA_ITEM>LMP_LOSS_PRC</DATA_ITEM>
<RESOURCE_NAME>DLAP_PGAE-APND</RESOURCE_NAME>
<OPR_DATE>2021-09-19</OPR_DATE>
<INTERVAL_NUM>1</INTERVAL_NUM>
<INTERVAL_START_GMT>2021-09-19T07:00:00-00:00</INTERVAL_START_GMT>
<INTERVAL_END_GMT>2021-09-19T08:00:00-00:00</INTERVAL_END_GMT>
<VALUE>1.48595</VALUE>
</REPORT_DATA>
<REPORT_DATA>
<DATA_ITEM>LMP_LOSS_PRC</DATA_ITEM>
<RESOURCE_NAME>DLAP_PGAE-APND</RESOURCE_NAME>
<OPR_DATE>2021-09-19</OPR_DATE>
<INTERVAL_NUM>7</INTERVAL_NUM>
<INTERVAL_START_GMT>2021-09-19T13:00:00-00:00</INTERVAL_START_GMT>
<INTERVAL_END_GMT>2021-09-19T14:00:00-00:00</INTERVAL_END_GMT>
<VALUE>1.67518</VALUE>
</REPORT_DATA>
<REPORT_DATA>
<DATA_ITEM>LMP_LOSS_PRC</DATA_ITEM>
<RESOURCE_NAME>DLAP_PGAE-APND</RESOURCE_NAME>
<OPR_DATE>2021-09-19</OPR_DATE>
<INTERVAL_NUM>21</INTERVAL_NUM>
<INTERVAL_START_GMT>2021-09-20T03:00:00-00:00</INTERVAL_START_GMT>
<INTERVAL_END_GMT>2021-09-20T04:00:00-00:00</INTERVAL_END_GMT>
<VALUE>1.7813</VALUE>
</REPORT_DATA>
<REPORT_DATA>
<DATA_ITEM>LMP_LOSS_PRC</DATA_ITEM>
<RESOURCE_NAME>DLAP_PGAE-APND</RESOURCE_NAME>
<OPR_DATE>2021-09-19</OPR_DATE>
<INTERVAL_NUM>5</INTERVAL_NUM>
<INTERVAL_START_GMT>2021-09-19T11:00:00-00:00</INTERVAL_START_GMT>
<INTERVAL_END_GMT>2021-09-19T12:00:00-00:00</INTERVAL_END_GMT>
<VALUE>1.19581</VALUE>
</REPORT_DATA>
<REPORT_DATA>
<DATA_ITEM>LMP_LOSS_PRC</DATA_ITEM>
<RESOURCE_NAME>DLAP_PGAE-APND</RESOURCE_NAME>
<OPR_DATE>2021-09-19</OPR_DATE>
<INTERVAL_NUM>11</INTERVAL_NUM>
<INTERVAL_START_GMT>2021-09-19T17:00:00-00:00</INTERVAL_START_GMT>
<INTERVAL_END_GMT>2021-09-19T18:00:00-00:00</INTERVAL_END_GMT>
<VALUE>0.53832</VALUE>
</REPORT_DATA>
</REPORT_ITEM>
<REPORT_ITEM>
<REPORT_HEADER>
<SYSTEM>OASIS</SYSTEM>
<TZ>PPT</TZ>
<REPORT>PRC_LMP</REPORT>
<MKT_TYPE>DAM</MKT_TYPE>
<UOM>US$/MWh</UOM>
<INTERVAL>ENDING</INTERVAL>
<SEC_PER_INTERVAL>3600</SEC_PER_INTERVAL>
</REPORT_HEADER>
<REPORT_DATA>
<DATA_ITEM>LMP_GHG_PRC</DATA_ITEM>
<RESOURCE_NAME>DLAP_PGAE-APND</RESOURCE_NAME>
<OPR_DATE>2021-09-19</OPR_DATE>
<INTERVAL_NUM>3</INTERVAL_NUM>
<INTERVAL_START_GMT>2021-09-19T09:00:00-00:00</INTERVAL_START_GMT>
<INTERVAL_END_GMT>2021-09-19T10:00:00-00:00</INTERVAL_END_GMT>
<VALUE>0</VALUE>
</REPORT_DATA>
<REPORT_DATA>
<DATA_ITEM>LMP_GHG_PRC</DATA_ITEM>
<RESOURCE_NAME>DLAP_PGAE-APND</RESOURCE_NAME>
<OPR_DATE>2021-09-19</OPR_DATE>
<INTERVAL_NUM>24</INTERVAL_NUM>
<INTERVAL_START_GMT>2021-09-20T06:00:00-00:00</INTERVAL_START_GMT>
<INTERVAL_END_GMT>2021-09-20T07:00:00-00:00</INTERVAL_END_GMT>
<VALUE>0</VALUE>
</REPORT_DATA>
<REPORT_DATA>
<DATA_ITEM>LMP_GHG_PRC</DATA_ITEM>
<RESOURCE_NAME>DLAP_PGAE-APND</RESOURCE_NAME>
<OPR_DATE>2021-09-19</OPR_DATE>
<INTERVAL_NUM>8</INTERVAL_NUM>
<INTERVAL_START_GMT>2021-09-19T14:00:00-00:00</INTERVAL_START_GMT>
<INTERVAL_END_GMT>2021-09-19T15:00:00-00:00</INTERVAL_END_GMT>
<VALUE>0</VALUE>
</REPORT_DATA>
<REPORT_DATA>
<DATA_ITEM>LMP_GHG_PRC</DATA_ITEM>
<RESOURCE_NAME>DLAP_PGAE-APND</RESOURCE_NAME>
<OPR_DATE>2021-09-19</OPR_DATE>
<INTERVAL_NUM>15</INTERVAL_NUM>
<INTERVAL_START_GMT>2021-09-19T21:00:00-00:00</INTERVAL_START_GMT>
<INTERVAL_END_GMT>2021-09-19T22:00:00-00:00</INTERVAL_END_GMT>
<VALUE>0</VALUE>
</REPORT_DATA>
<REPORT_DATA>
<DATA_ITEM>LMP_GHG_PRC</DATA_ITEM>
<RESOURCE_NAME>DLAP_PGAE-APND</RESOURCE_NAME>
<OPR_DATE>2021-09-19</OPR_DATE>
<INTERVAL_NUM>17</INTERVAL_NUM>
<INTERVAL_START_GMT>2021-09-19T23:00:00-00:00</INTERVAL_START_GMT>
<INTERVAL_END_GMT>2021-09-20T00:00:00-00:00</INTERVAL_END_GMT>
<VALUE>0</VALUE>
</REPORT_DATA>
<REPORT_DATA>
<DATA_ITEM>LMP_GHG_PRC</DATA_ITEM>
<RESOURCE_NAME>DLAP_PGAE-APND</RESOURCE_NAME>
<OPR_DATE>2021-09-19</OPR_DATE>
<INTERVAL_NUM>21</INTERVAL_NUM>
<INTERVAL_START_GMT>2021-09-20T03:00:00-00:00</INTERVAL_START_GMT>
<INTERVAL_END_GMT>2021-09-20T04:00:00-00:00</INTERVAL_END_GMT>
<VALUE>0</VALUE>
</REPORT_DATA>
<REPORT_DATA>
<DATA_ITEM>LMP_GHG_PRC</DATA_ITEM>
<RESOURCE_NAME>DLAP_PGAE-APND</RESOURCE_NAME>
<OPR_DATE>2021-09-19</OPR_DATE>
<INTERVAL_NUM>7</INTERVAL_NUM>
<INTERVAL_START_GMT>2021-09-19T13:00:00-00:00</INTERVAL_START_GMT>
<INTERVAL_END_GMT>2021-09-19T14:00:00-00:00</INTERVAL_END_GMT>
<VALUE>0</VALUE>
</REPORT_DATA>
<REPORT_DATA>
<DATA_ITEM>LMP_GHG_PRC</DATA_ITEM>
<RESOURCE_NAME>DLAP_PGAE-APND</RESOURCE_NAME>
<OPR_DATE>2021-09-19</OPR_DATE>
<INTERVAL_NUM>19</INTERVAL_NUM>
<INTERVAL_START_GMT>2021-09-20T01:00:00-00:00</INTERVAL_START_GMT>
<INTERVAL_END_GMT>2021-09-20T02:00:00-00:00</INTERVAL_END_GMT>
<VALUE>0</VALUE>
</REPORT_DATA>
<REPORT_DATA>
<DATA_ITEM>LMP_GHG_PRC</DATA_ITEM>
<RESOURCE_NAME>DLAP_PGAE-APND</RESOURCE_NAME>
<OPR_DATE>2021-09-19</OPR_DATE>
<INTERVAL_NUM>11</INTERVAL_NUM>
<INTERVAL_START_GMT>2021-09-19T17:00:00-00:00</INTERVAL_START_GMT>
<INTERVAL_END_GMT>2021-09-19T18:00:00-00:00</INTERVAL_END_GMT>
<VALUE>0</VALUE>
</REPORT_DATA>
<REPORT_DATA>
<DATA_ITEM>LMP_GHG_PRC</DATA_ITEM>
<RESOURCE_NAME>DLAP_PGAE-APND</RESOURCE_NAME>
<OPR_DATE>2021-09-19</OPR_DATE>
<INTERVAL_NUM>12</INTERVAL_NUM>
<INTERVAL_START_GMT>2021-09-19T18:00:00-00:00</INTERVAL_START_GMT>
<INTERVAL_END_GMT>2021-09-19T19:00:00-00:00</INTERVAL_END_GMT>
<VALUE>0</VALUE>
</REPORT_DATA>
<REPORT_DATA>
<DATA_ITEM>LMP_GHG_PRC</DATA_ITEM>
<RESOURCE_NAME>DLAP_PGAE-APND</RESOURCE_NAME>
<OPR_DATE>2021-09-19</OPR_DATE>
<INTERVAL_NUM>13</INTERVAL_NUM>
<INTERVAL_START_GMT>2021-09-19T19:00:00-00:00</INTERVAL_START_GMT>
<INTERVAL_END_GMT>2021-09-19T20:00:00-00:00</INTERVAL_END_GMT>
<VALUE>0</VALUE>
</REPORT_DATA>
<REPORT_DATA>
<DATA_ITEM>LMP_GHG_PRC</DATA_ITEM>
<RESOURCE_NAME>DLAP_PGAE-APND</RESOURCE_NAME>
<OPR_DATE>2021-09-19</OPR_DATE>
<INTERVAL_NUM>14</INTERVAL_NUM>
<INTERVAL_START_GMT>2021-09-19T20:00:00-00:00</INTERVAL_START_GMT>
<INTERVAL_END_GMT>2021-09-19T21:00:00-00:00</INTERVAL_END_GMT>
<VALUE>0</VALUE>
</REPORT_DATA>
<REPORT_DATA>
<DATA_ITEM>LMP_GHG_PRC</DATA_ITEM>
<RESOURCE_NAME>DLAP_PGAE-APND</RESOURCE_NAME>
<OPR_DATE>2021-09-19</OPR_DATE>
<INTERVAL_NUM>9</INTERVAL_NUM>
<INTERVAL_START_GMT>2021-09-19T15:00:00-00:00</INTERVAL_START_GMT>
<INTERVAL_END_GMT>2021-09-19T16:00:00-00:00</INTERVAL_END_GMT>
<VALUE>0</VALUE>
</REPORT_DATA>
<REPORT_DATA>
<DATA_ITEM>LMP_GHG_PRC</DATA_ITEM>
<RESOURCE_NAME>DLAP_PGAE-APND</RESOURCE_NAME>
<OPR_DATE>2021-09-19</OPR_DATE>
<INTERVAL_NUM>1</INTERVAL_NUM>
<INTERVAL_START_GMT>2021-09-19T07:00:00-00:00</INTERVAL_START_GMT>
<INTERVAL_END_GMT>2021-09-19T08:00:00-00:00</INTERVAL_END_GMT>
<VALUE>0</VALUE>
</REPORT_DATA>
<REPORT_DATA>
<DATA_ITEM>LMP_GHG_PRC</DATA_ITEM>
<RESOURCE_NAME>DLAP_PGAE-APND</RESOURCE_NAME>
<OPR_DATE>2021-09-19</OPR_DATE>
<INTERVAL_NUM>10</INTERVAL_NUM>
<INTERVAL_START_GMT>2021-09-19T16:00:00-00:00</INTERVAL_START_GMT>
<INTERVAL_END_GMT>2021-09-19T17:00:00-00:00</INTERVAL_END_GMT>
<VALUE>0</VALUE>
</REPORT_DATA>
<REPORT_DATA>
<DATA_ITEM>LMP_GHG_PRC</DATA_ITEM>
<RESOURCE_NAME>DLAP_PGAE-APND</RESOURCE_NAME>
<OPR_DATE>2021-09-19</OPR_DATE>
<INTERVAL_NUM>18</INTERVAL_NUM>
<INTERVAL_START_GMT>2021-09-20T00:00:00-00:00</INTERVAL_START_GMT>
<INTERVAL_END_GMT>2021-09-20T01:00:00-00:00</INTERVAL_END_GMT>
<VALUE>0</VALUE>
</REPORT_DATA>
<REPORT_DATA>
<DATA_ITEM>LMP_GHG_PRC</DATA_ITEM>
<RESOURCE_NAME>DLAP_PGAE-APND</RESOURCE_NAME>
<OPR_DATE>2021-09-19</OPR_DATE>
<INTERVAL_NUM>4</INTERVAL_NUM>
<INTERVAL_START_GMT>2021-09-19T10:00:00-00:00</INTERVAL_START_GMT>
<INTERVAL_END_GMT>2021-09-19T11:00:00-00:00</INTERVAL_END_GMT>
<VALUE>0</VALUE>
</REPORT_DATA>
<REPORT_DATA>
<DATA_ITEM>LMP_GHG_PRC</DATA_ITEM>
<RESOURCE_NAME>DLAP_PGAE-APND</RESOURCE_NAME>
<OPR_DATE>2021-09-19</OPR_DATE>
<INTERVAL_NUM>5</INTERVAL_NUM>
<INTERVAL_START_GMT>2021-09-19T11:00:00-00:00</INTERVAL_START_GMT>
<INTERVAL_END_GMT>2021-09-19T12:00:00-00:00</INTERVAL_END_GMT>
<VALUE>0</VALUE>
</REPORT_DATA>
<REPORT_DATA>
<DATA_ITEM>LMP_GHG_PRC</DATA_ITEM>
<RESOURCE_NAME>DLAP_PGAE-APND</RESOURCE_NAME>
<OPR_DATE>2021-09-19</OPR_DATE>
<INTERVAL_NUM>20</INTERVAL_NUM>
<INTERVAL_START_GMT>2021-09-20T02:00:00-00:00</INTERVAL_START_GMT>
<INTERVAL_END_GMT>2021-09-20T03:00:00-00:00</INTERVAL_END_GMT>
<VALUE>0</VALUE>
</REPORT_DATA>
<REPORT_DATA>
<DATA_ITEM>LMP_GHG_PRC</DATA_ITEM>
<RESOURCE_NAME>DLAP_PGAE-APND</RESOURCE_NAME>
<OPR_DATE>2021-09-19</OPR_DATE>
<INTERVAL_NUM>22</INTERVAL_NUM>
<INTERVAL_START_GMT>2021-09-20T04:00:00-00:00</INTERVAL_START_GMT>
<INTERVAL_END_GMT>2021-09-20T05:00:00-00:00</INTERVAL_END_GMT>
<VALUE>0</VALUE>
</REPORT_DATA>
<REPORT_DATA>
<DATA_ITEM>LMP_GHG_PRC</DATA_ITEM>
<RESOURCE_NAME>DLAP_PGAE-APND</RESOURCE_NAME>
<OPR_DATE>2021-09-19</OPR_DATE>
<INTERVAL_NUM>2</INTERVAL_NUM>
<INTERVAL_START_GMT>2021-09-19T08:00:00-00:00</INTERVAL_START_GMT>
<INTERVAL_END_GMT>2021-09-19T09:00:00-00:00</INTERVAL_END_GMT>
<VALUE>0</VALUE>
</REPORT_DATA>
<REPORT_DATA>
<DATA_ITEM>LMP_GHG_PRC</DATA_ITEM>
<RESOURCE_NAME>DLAP_PGAE-APND</RESOURCE_NAME>
<OPR_DATE>2021-09-19</OPR_DATE>
<INTERVAL_NUM>16</INTERVAL_NUM>
<INTERVAL_START_GMT>2021-09-19T22:00:00-00:00</INTERVAL_START_GMT>
<INTERVAL_END_GMT>2021-09-19T23:00:00-00:00</INTERVAL_END_GMT>
<VALUE>0</VALUE>
</REPORT_DATA>
<REPORT_DATA>
<DATA_ITEM>LMP_GHG_PRC</DATA_ITEM>
<RESOURCE_NAME>DLAP_PGAE-APND</RESOURCE_NAME>
<OPR_DATE>2021-09-19</OPR_DATE>
<INTERVAL_NUM>23</INTERVAL_NUM>
<INTERVAL_START_GMT>2021-09-20T05:00:00-00:00</INTERVAL_START_GMT>
<INTERVAL_END_GMT>2021-09-20T06:00:00-00:00</INTERVAL_END_GMT>
<VALUE>0</VALUE>
</REPORT_DATA>
<REPORT_DATA>
<DATA_ITEM>LMP_GHG_PRC</DATA_ITEM>
<RESOURCE_NAME>DLAP_PGAE-APND</RESOURCE_NAME>
<OPR_DATE>2021-09-19</OPR_DATE>
<INTERVAL_NUM>6</INTERVAL_NUM>
<INTERVAL_START_GMT>2021-09-19T12:00:00-00:00</INTERVAL_START_GMT>
<INTERVAL_END_GMT>2021-09-19T13:00:00-00:00</INTERVAL_END_GMT>
<VALUE>0</VALUE>
</REPORT_DATA>
</REPORT_ITEM>
<DISCLAIMER_ITEM>
<DISCLAIMER>The contents of these pages are subject to change without notice.  Decisions based on information contained within the California ISO's web site are the visitor's sole responsibility.</DISCLAIMER>
</DISCLAIMER_ITEM>
</RTO>
</MessagePayload>
</OASISReport>
